id,name,model_id:id,group_id:id,perm_read,perm_write,perm_create,perm_unlink
access_account_followup_followup_line_readonly,account_followup.followup.line,model_account_followup_followup_line,account.group_account_readonly,1,0,0,0
access_account_followup_followup_line,account_followup.followup.line,model_account_followup_followup_line,account.group_account_invoice,1,0,0,0
access_account_followup_followup_line_manager,account_followup.followup.line.manager,model_account_followup_followup_line,account.group_account_manager,1,1,1,1
access_sms_template_account_manager,access.sms.template.account.manager,sms.model_sms_template,account.group_account_manager,1,1,1,1
