"id","name","model_id:id","group_id:id","perm_read","perm_write","perm_create","perm_unlink"
"access_account_disallowed_expenses_category","access.account.disallowed.expenses.category","model_account_disallowed_expenses_category","account.group_account_manager",1,1,1,1
"access_account_disallowed_expenses_category_readonly","access.account.disallowed.expenses.category.readonly","model_account_disallowed_expenses_category","account.group_account_readonly",1,0,0,0
"access_account_disallowed_expenses_rate","access.account.disallowed.expenses.rate","model_account_disallowed_expenses_rate","account.group_account_manager",1,1,1,1
"access_account_disallowed_expenses_rate_readonly","access.account.disallowed.expenses.rate.readonly","model_account_disallowed_expenses_rate","account.group_account_readonly",1,0,0,0
"access_account_disallowed_expenses_report","access_account_disallowed_expenses_report","model_account_disallowed_expenses_report","account.group_account_readonly",1,0,0,0
