<?xml version="1.0" encoding="utf-8"?>
<odoo>
    <data>
        <!-- Intrastat Report -->
        <record id="action_account_report_intrastat" model="ir.actions.client">
            <field name="name">Intrastat Report</field>
            <field name="tag">account_report</field>
            <field name="context" eval="{'model': 'account.intrastat.report'}"/>
        </record>

        <menuitem id="menu_action_account_report_intrastat"
                  action="action_account_report_intrastat"
                  parent="account_reports.account_reports_audit_reports_menu"/>

        <!-- display ec sales list report menu item -->
        <record model="ir.ui.menu" id="account_reports.menu_action_account_report_sales">
            <field name="active" eval="True"/>
        </record>
    </data>
</odoo>
